empcode,Location
c1a91,MUMBAI
C1111,BANGALORE
C1a91,MUMBAI
C1a18,MUMBAI
C1a18,PUNE
C1a81,MUMBAI
C1aa1,MUMBAI
C1aa1,MUMBAI
C1aa1,MUMBAI
C1aa8,PUNE
C1aa9,BANGALORE
C1aaa,MUMBAI
C1a1a,PUNE
C1a11,MUMBAI
C1a11,PUNE
C1a11,PUNE
C1a11,MUMBAI
C1a11,PUNE
C1a11,MUMBAI
C1a1a,MUMBAI
C1a11,PUNE
C1a11,MUMBAI
C1a11,BANGALORE
C1a18,MUMBAI
C1a19,MUMBAI
C1a1a,PUNE
C1a11,PUNE
C1a11,PUNE
C1a11,PUNE
C1a11,MUMBAI
C1a11,PUNE
C1a11,MUMBAI
C1a18,MUMBAI
C1a19,PUNE
C1a1a,PUNE
C1a1a,GURGAON
C1a11,MUMBAI
C1a11,PUNE
C1a11,GURGAON
C1a11,GURGAON
C1a11,GURGAON
C1a18,PUNE
C1a19,MUMBAI
C1a1a,PUNE
C1a1a,MUMBAI
C1a11,BANGALORE ONSITE
C1a11,BANGALORE ONSITE
C1a11,PUNE
C1a11,PUNE
C1a11,PUNE
C1a11,PUNE
C1a18,MUMBAI
C1a19,PUNE
C1a1a,MUMBAI
C1a1a,MUMBAI
C1a11,MUMBAI
C1a11,PUNE
C1a11,GURGAON
C1a11,PUNE
C1a11,PUNE
C1a11,PUNE
C1a18,PUNE
C1a19,PUNE
C1a1a,PUNE
C1a8a,BANGALORE ONSITE
C1a81,GURGAON
C1a81,MUMBAI
C1a81,GURGAON
C1a81,PUNE
C1a81,GURGAON
C1a81,PUNE
C1a88,PUNE
C1a89,GURGAON
C1a8a,GURGAON
C1a9a,MUMBAI ONSITE
C1a91,PUNE
C1a91,PUNE
G11a1,GURGAON
G191a,GURGAON
G191a,GURGAON
G1911,GURGAON
G1911,GURGAON
G1911,GURGAON
G1911,GURGAON
G1911,GURGAON
G1911,GURGAON
G1918,GURGAON
G1919,GURGAON
G191a,GURGAON
G191a,GURGAON
G1911,GURGAON
G1911,GURGAON
G1911,GURGAON
G1911,GURGAON
G1911,GURGAON
G1911,GURGAON
G1918,GURGAON
G1919,GURGAON
G191a,GURGAON
G191a,GURGAON
G1911,GURGAON
G1911,GURGAON
G1911,GURGAON
G1911,GURGAON
G1911,GURGAON
G1911,GURGAON
G1918,GURGAON
G1919,GURGAON
G191a,GURGAON
G191a,GURGAON
G1911,GURGAON
G1911,GURGAON
G1911,GURGAON
G1911,GURGAON
G1911,GURGAON
G1911,GURGAON
G1918,GURGAON
G1919,GURGAON
G191a,GURGAON
G198a,GURGAON
G1981,GURGAON
G1981,GURGAON
G1981,GURGAON
G1981,GURGAON
G1981,GURGAON
G1981,GURGAON
G1988,GURGAON
G1989,GURGAON
G199a,GURGAON
G1991,GURGAON
G1991,GURGAON
G1991,GURGAON
G1991,GURGAON
G1991,GURGAON
G1991,GURGAON
G1998,GURGAON
G1999,GURGAON
G199a,GURGAON
G19aa,PUNE
G19a1,GURGAON
G19a1,GURGAON
G19a1,GURGAON
G19a1,GURGAON
G19a1,GURGAON
G19a1,GURGAON
G19a8,GURGAON
G19aa,GURGAON
G1aaa,GURGAON
G1aa1,GURGAON
G1aa1,GURGAON
G1aa1,GURGAON
G1aa1,GURGAON
G1aa1,GURGAON
G1aa8,GURGAON
G1aa9,GURGAON
G1aaa,GURGAON
G1a1a,GURGAON
G1a11,GURGAON
G1a11,GURGAON
G1a11,GURGAON
G1a11,GURGAON
G1a11,GURGAON
G1a11,GURGAON
G1a18,GURGAON
G1a19,GURGAON
G1a1a,GURGAON
G1a1a,GURGAON
G1a11,GURGAON
G1a11,GURGAON
G1a11,GURGAON
G1a11,GURGAON
G1a11,GURGAON
G1a11,GURGAON
G1a1a,GURGAON
G1a1a,GURGAON
G1a11,GURGAON
G1a11,GURGAON
G1a11,GURGAON
G1a81,GURGAON
G1a8a,GURGAON
I1111,PUNE
I1111,PUNE
I1111,PUNE
I1111,PUNE
I1118,PUNE
I1119,MUMBAI
I111a,PUNE
I118a,MUMBAI
I1181,MUMBAI
I1181,PUNE
I1181,MUMBAI
I1181,MUMBAI
I1181,PUNE
I1181,GURGAON
I1188,MUMBAI
I118a,MUMBAI
I119a,PUNE
I1191,MUMBAI
I1191,GURGAON
I1191,MUMBAI
I1191,MUMBAI
I1191,GURGAON
I1191,PUNE
I1198,PUNE
I1199,PUNE
I119a,PUNE
I11aa,GURGAON
I11a1,PUNE
I11a1,PUNE
I11a1,PUNE
I11a1,MUMBAI
I11a1,PUNE
I11a1,GURGAON
K11a1,KOLKATA
K1111,KOLKATA
K118a,KOLKATA
K1198,KOLKATA
K1119,KOLKATA
K1811,KOLKATA
K1811,KOLKATA
K1811,KOLKATA
K1811,KOLKATA
K1811,KOLKATA
K191a,KOLKATA
K191a,KOLKATA
K1a89,KOLKATA
K1a8a,KOLKATA
K1aa9,KOLKATA
K1aa9,KOLKATA
K1a19,KOLKATA
K1a11,KOLKATA
K1a81,KOLKATA
K1118,KOLKATA
K11a8,KOLKATA
K1111,KOLKATA
K1118,KOLKATA
K1119,KOLKATA
K111a,KOLKATA
K111a,KOLKATA
K1111,KOLKATA
K1191,KOLKATA
K11a1,KOLKATA
K1111,KOLKATA
K1111,KOLKATA
K1111,KOLKATA
K111a,KOLKATA
K11a1,KOLKATA
K1111,KOLKATA
K1119,KOLKATA
K111a,KOLKATA
K111a,KOLKATA
K11aa,KOLKATA
K1a18,KOLKATA
K1a19,KOLKATA
K1a99,KOLKATA
K1a81,KOLKATA
M1a11,MUMBAI
M1a18,MUMBAI
M1a11,MUMBAI
M1a11,MUMBAI
M1a18,MUMBAI
M1a1a,MUMBAI
M1a11,MUMBAI
M1a18,MUMBAI
M1a8a,MUMBAI
M1a8a,MUMBAI
M1a91,MUMBAI
M11a1,MUMBAI
M11a1,MUMBAI
M1111,MUMBAI
M1181,MUMBAI
M1119,MUMBAI
M1111,MUMBAI
M1111,MUMBAI
M1191,MUMBAI
M119a,MUMBAI
M11aa,MUMBAI
M11a1,MUMBAI
M1111,MUMBAI
M111a,MUMBAI
M1111,MUMBAI
M1111,MUMBAI
M1111,MUMBAI
M1111,MUMBAI
M1118,MUMBAI
M1119,MUMBAI
M11a1,MUMBAI
M11a1,MUMBAI
M11a1,MUMBAI
M11a1,MUMBAI
M1111,MUMBAI
M1111,MUMBAI
M1111,MUMBAI
M111a,MUMBAI
M1111,MUMBAI
M1118,GURGAON
M111a,MUMBAI
M111a,MUMBAI
M118a,MUMBAI
M1181,MUMBAI
M1191,MUMBAI
M119a,MUMBAI
M11a1,MUMBAI
M11a1,BANGALORE
M11aa,MUMBAI
M1111,MUMBAI
M111a,MUMBAI
M111a,MUMBAI
M1111,MUMBAI
M1118,MUMBAI
M1111,MUMBAI
M1188,MUMBAI
M11a1,MUMBAI
M1111,MUMBAI
M1111,GURGAON
M111a,MUMBAI
M1111,MUMBAI
M1111,MUMBAI
M1111,MUMBAI
M1189,PUNE
M119a,MUMBAI
M11a1,MUMBAI
M18aa,MUMBAI
M18a1,MUMBAI
M1811,MUMBAI
M1819,MUMBAI
M1811,MUMBAI
M1811,MUMBAI
M1818,MUMBAI
M1891,MUMBAI
M18a1,MUMBAI
M18aa,MUMBAI
M19a1,MUMBAI
M191a,MUMBAI
M191a,MUMBAI
M1911,MUMBAI
M1918,MUMBAI
M1919,MUMBAI
M198a,MUMBAI
M199a,MUMBAI
M19a1,MUMBAI
M1aa1,MUMBAI
M1a11,MUMBAI
M1a1a,MUMBAI
M1a11,MUMBAI
M1a18,MUMBAI
M1a1a,MUMBAI
M1a11,MUMBAI
M1a11,PUNE
M1a11,MUMBAI
M1a11,MUMBAI
M1a19,MUMBAI
M1a1a,MUMBAI
M1a11,MUMBAI
M1a11,MUMBAI
M1a11,MUMBAI
M1a11,MUMBAI
M1a18,MUMBAI
M1a81,MUMBAI
M1a81,MUMBAI
M1a88,MUMBAI
M1a98,PUNE
M1a99,MUMBAI
M1aa1,MUMBAI
M1aa8,MUMBAI
M1aa1,MUMBAI
M1aa8,MUMBAI
M1a1a,MUMBAI
M1a11,MUMBAI
M1a11,MUMBAI
M1a11,MUMBAI
M1a11,MUMBAI
M1a18,MUMBAI
M1a11,MUMBAI
M1a1a,MUMBAI
M1a11,MUMBAI
M1a11,MUMBAI
M1a1a,MUMBAI
M1a11,MUMBAI
M1a18,MUMBAI
M1a8a,MUMBAI
M1a81,MUMBAI
M1a81,MUMBAI
M1a89,MUMBAI
M1a91,MUMBAI
M1a91,MUMBAI
M1a99,MUMBAI
M1aa1,MUMBAI
M1aa8,MUMBAI
M1aaa,MUMBAI
M11a1,MUMBAI
M11a1,MUMBAI
M1111,MUMBAI
M111a,MUMBAI
M1111,MUMBAI
M1111,MUMBAI
M1119,MUMBAI
M1111,MUMBAI
M111a,MUMBAI
M1111,MUMBAI
M1111,MUMBAI
M1111,MUMBAI
M1188,MUMBAI
M1191,MUMBAI
M1198,MUMBAI
M11a1,MUMBAI
M11a1,MUMBAI
M11a1,MUMBAI
M11a9,PUNE
M11aa,MUMBAI
M11a1,MUMBAI
M11a1,MUMBAI
M11a1,MUMBAI
M11a9,MUMBAI
M11aa,MUMBAI
M1111,MUMBAI
M1111,MUMBAI
M1111,MUMBAI
M1118,MUMBAI
M111a,MUMBAI
M1111,MUMBAI
M1111,MUMBAI
M1118,MUMBAI
M1119,MUMBAI
M1111,PUNE
M1111,MUMBAI
M1118,MUMBAI
M1119,MUMBAI
M111a,MUMBAI
M1181,MUMBAI
M1188,MUMBAI
M1191,MUMBAI
M1199,MUMBAI
M11a1,BANGALORE
M11a8,MUMBAI
M11aa,MUMBAI
M11a1,MUMBAI
M11a1,MUMBAI
M111a,MUMBAI
M1111,MUMBAI
M1111,MUMBAI
M1119,MUMBAI
M111a,MUMBAI
M1111,MUMBAI
M1118,MUMBAI
M1119,MUMBAI
M111a,MUMBAI
M111a,MUMBAI
M1111,MUMBAI
M1111,MUMBAI
M1119,MUMBAI
M111a,MUMBAI
M1111,MUMBAI
M1111,MUMBAI
M1118,MUMBAI
M111a,MUMBAI
M1111,MUMBAI
M1111,MUMBAI
M1119,MUMBAI
M111a,MUMBAI
M111a,MUMBAI
M1111,MUMBAI
M1111,MUMBAI
M1181,MUMBAI
M1181,MUMBAI
M1181,MUMBAI
M1181,MUMBAI
M1188,MUMBAI
M1189,MUMBAI
M1191,MUMBAI
M1191,MUMBAI
M1191,MUMBAI
M119a,MUMBAI
M11a1,MUMBAI
M11a8,MUMBAI
M11a1,MUMBAI
M11a1,MUMBAI
M11a9,MUMBAI
M111a,MUMBAI
M1111,MUMBAI
M1111,MUMBAI
M1111,MUMBAI
M1118,MUMBAI
M1111,MUMBAI
M1118,MUMBAI
M1111,MUMBAI
M1119,MUMBAI
M1111,MUMBAI
M1111,MUMBAI
M1119,MUMBAI
M1111,MUMBAI
M111a,MUMBAI
M1111,MUMBAI
M1111,MUMBAI
M1111,MUMBAI
M1118,MUMBAI
M1181,MUMBAI
M1181,GURGAON
M1188,MUMBAI
M118a,MUMBAI
M1191,MUMBAI
M1191,MUMBAI
M1198,MUMBAI
M11aa,MUMBAI
M11a8,MUMBAI
M11a9,GURGAON
M11aa,MUMBAI
M11aa,MUMBAI
M11a1,MUMBAI
M11a1,BANGALORE
M1111,MUMBAI
M1111,MUMBAI
M1118,MUMBAI
M1119,MUMBAI
M111a,PUNE
M1111,PUNE
M1111,MUMBAI
M1111,PUNE
M111a,MUMBAI
M1111,MUMBAI
M1111,MUMBAI
M1118,MUMBAI
M1119,MUMBAI
M1111,MUMBAI
M1111,MUMBAI
M1111,MUMBAI
M1119,MUMBAI
M1111,MUMBAI
M1111,MUMBAI
M1119,MUMBAI
M1111,MUMBAI
M1111,PUNE
M1111,MUMBAI
M1111,MUMBAI
M1118,MUMBAI
M118a,MUMBAI
M1181,PUNE
M1181,MUMBAI
M1181,MUMBAI
M1181,MUMBAI
M1191,MUMBAI
M1191,MUMBAI
M119a,MUMBAI
M11aa,MUMBAI
M11a1,MUMBAI
M11a1,MUMBAI
M11a1,MUMBAI
M11a1,MUMBAI
M11a9,MUMBAI
M11aa,MUMBAI
M11a1,MUMBAI
M11a1,MUMBAI
M11a1,MUMBAI
M11a8,MUMBAI
M111a,MUMBAI
M1111,MUMBAI
M1111,MUMBAI
M1118,MUMBAI
M1119,MUMBAI
M111a,MUMBAI
M1111,MUMBAI
M1111,MUMBAI
M1119,MUMBAI
M111a,MUMBAI
M1118,PUNE
M1119,MUMBAI
M111a,PUNE
M1111,MUMBAI
M1118,MUMBAI
M1111,MUMBAI
M1111,MUMBAI
M1111,MUMBAI
M1118,MUMBAI
M1119,MUMBAI
M1111,MUMBAI
M1111,MUMBAI
M1118,PUNE
M1119,MUMBAI
M111a,MUMBAI
M1181,MUMBAI
M1181,MUMBAI
M1189,MUMBAI
M118a,MUMBAI
M119a,PUNE
M1191,MUMBAI
M1191,MUMBAI
M1191,MUMBAI
M1191,MUMBAI
M11a1,MUMBAI
M11a1,MUMBAI
M11a1,MUMBAI
M11a9,MUMBAI
M18a1,MUMBAI
M18aa,MUMBAI
M181a,MUMBAI
M1811,MUMBAI
M1811,MUMBAI
M1819,PUNE
M181a,MUMBAI
M1811,MUMBAI
M1818,MUMBAI
M1811,MUMBAI
M1811,MUMBAI
M1811,MUMBAI
M1818,MUMBAI
M1811,MUMBAI
M1811,MUMBAI
M1818,MUMBAI
M1819,MUMBAI
M181a,MUMBAI
M1811,MUMBAI
M1811,MUMBAI
M1811,BANGALORE
M1811,MUMBAI
M1811,MUMBAI
M1811,PUNE
M1811,PUNE
M1811,MUMBAI
M1881,MUMBAI
M1881,MUMBAI
M1888,MUMBAI
M1889,MUMBAI
M189a,MUMBAI
M1891,MUMBAI
M1891,MUMBAI
M18a1,MUMBAI
M18a1,MUMBAI
M18a1,MUMBAI
M18a8,PUNE
M18a9,MUMBAI
M19aa,MUMBAI
M19a1,MUMBAI
M19a1,MUMBAI
M19a1,MUMBAI
M19a9,MUMBAI
M19aa,MUMBAI
M191a,MUMBAI
M1911,MUMBAI
M1918,MUMBAI
M1911,MUMBAI
M1911,MUMBAI
M1911,MUMBAI
M1918,MUMBAI
M1a11,MUMBAI
M1a11,MUMBAI
M1a11,MUMBAI
M1a11,MUMBAI
M1a11,MUMBAI
M1a18,PUNE
M1a1a,MUMBAI
M1a1a,MUMBAI
M1a11,MUMBAI
M1a19,MUMBAI
M1a1a,MUMBAI
M1a8a,MUMBAI
M1a81,GURGAON
M1a81,PUNE
M1a89,MUMBAI
M1a9a,MUMBAI
M1a91,MUMBAI
M1a91,MUMBAI
M1a91,MUMBAI
M1a9a,MUMBAI
M1aaa,MUMBAI
M1aa1,MUMBAI
M1aa1,MUMBAI
M1aa8,MUMBAI
M1aa1,MUMBAI
M1aa9,MUMBAI
M1aaa,MUMBAI
M1a11,MUMBAI
M1a11,MUMBAI
M1a11,PUNE
M1a11,MUMBAI ONSITE
M1a11,MUMBAI ONSITE
M1a11,MUMBAI ONSITE
M1a18,MUMBAI ONSITE
M1a19,MUMBAI ONSITE
M1a1a,MUMBAI ONSITE
M1a1a,MUMBAI ONSITE
M1a11,MUMBAI
M1a11,MUMBAI
M1a11,MUMBAI
M1a11,BANGALORE ONSITE
M1a18,MUMBAI
M1a19,MUMBAI
M1a1a,MUMBAI
M1a11,BANGALORE ONSITE
M1a11,BANGALORE ONSITE
M1a11,BANGALORE ONSITE
M1a11,BANGALORE ONSITE
M1a11,BANGALORE ONSITE
M1a18,BANGALORE ONSITE
M1a19,BANGALORE ONSITE
M1a1a,BANGALORE ONSITE
M1a1a,BANGALORE ONSITE
M1a11,BANGALORE ONSITE
M1a11,BANGALORE ONSITE
M1a11,BANGALORE ONSITE
M1a11,BANGALORE ONSITE
M1a11,BANGALORE ONSITE
M1a11,BANGALORE ONSITE
M1a18,BANGALORE ONSITE
M1a19,BANGALORE ONSITE
M1a1a,BANGALORE ONSITE
M1a1a,BANGALORE ONSITE
M1a11,BANGALORE ONSITE
M1a11,BANGALORE ONSITE
M1a11,BANGALORE ONSITE
M1a11,BANGALORE ONSITE
M1a11,BANGALORE ONSITE
M1a11,BANGALORE ONSITE
M1a18,BANGALORE ONSITE
M1a19,BANGALORE ONSITE
M1a1a,BANGALORE ONSITE
M1a1a,BANGALORE ONSITE
M1a11,BANGALORE ONSITE
M1a11,BANGALORE ONSITE
M1a11,BANGALORE
M1a11,BANGALORE ONSITE
M1a11,BANGALORE ONSITE
M1a11,MUMBAI
M1a19,BANGALORE ONSITE
M1a1a,BANGALORE ONSITE
M1a8a,BANGALORE ONSITE
M1a81,MUMBAI
P1a11,PUNE
P1a19,PUNE
P1a1a,PUNE
P1111,PUNE
P1811,PUNE
P1818,PUNE
P18a1,PUNE
P1911,PUNE
P1a91,PUNE
P1a11,PUNE
P1a98,PUNE
P11a1,PUNE
P1111,PUNE
P1111,PUNE
P1111,PUNE
P1111,PUNE
P1111,PUNE
P1111,PUNE
P1111,PUNE
P1181,PUNE
P119a,PUNE
P11aa,PUNE
P11aa,PUNE
P1111,PUNE
P1111,PUNE
P111a,PUNE
P1191,PUNE
P1191,PUNE
P11a1,PUNE
P11a9,PUNE
P11aa,PUNE
P1111,PUNE
P1111,PUNE
P1119,PUNE
P1189,PUNE
P1191,PUNE
P11a1,PUNE
P11a1,GURGAON
P11a1,PUNE
P11aa,PUNE
P1111,PUNE
P1111,PUNE
P1111,PUNE
P1118,PUNE
P111a,PUNE
P1111,PUNE
P1111,PUNE
P1111,PUNE
P1118,PUNE
P1111,PUNE
P1111,PUNE
P1118,PUNE
P1188,PUNE
P1189,PUNE
P1191,PUNE
P1191,PUNE
P1191,PUNE
P1198,PUNE
P11a1,PUNE
P11a8,PUNE
P11aa,PUNE
P11a9,PUNE
P11aa,PUNE
P1111,PUNE
P111a,PUNE
P1118,MUMBAI
P1111,PUNE
P1111,GURGAON
P1111,PUNE
P1111,PUNE
P1111,PUNE
P1111,PUNE
P1111,PUNE
P1111,PUNE
P1111,PUNE
P111a,PUNE
P1111,PUNE
P1111,PUNE
P1111,PUNE
P1181,PUNE
P1188,PUNE
P1191,PUNE
P1198,PUNE
P1199,PUNE
P11aa,PUNE
P11a1,PUNE
P11a1,PUNE
P11a8,PUNE
P18aa,PUNE
P18a1,PUNE
P18a1,PUNE
P18a1,PUNE
P18a1,PUNE
P18a8,PUNE
P18a9,PUNE
P181a,PUNE
P1811,PUNE
P1811,PUNE
P1811,PUNE
P1819,PUNE
P1811,PUNE
P1819,PUNE
P181a,PUNE
P1811,PUNE
P1811,PUNE
P1811,PUNE
P181a,PUNE
P1811,PUNE
P1818,PUNE
P181a,PUNE
P181a,PUNE
P1811,PUNE
P1819,PUNE
P181a,PUNE
P188a,PUNE
P1881,PUNE
P1881,PUNE
P1881,PUNE
P1891,PUNE
P1891,PUNE
P1891,PUNE
P1891,PUNE
P1898,PUNE
P1899,PUNE
P18a1,PUNE
P18aa,PUNE
P19a1,PUNE
P19a1,PUNE
P19a1,PUNE
P19a8,PUNE
P1911,PUNE
P1911,PUNE
P1911,PUNE
P1919,PUNE
P191a,PUNE
P191a,PUNE
P1911,PUNE
P1911,PUNE
P1a11,PUNE
P1a11,PUNE
P1a18,PUNE
P1a19,PUNE
P1a1a,PUNE
P1a11,PUNE
P1a11,PUNE
P1a11,PUNE
P1a19,PUNE
P1a1a,PUNE
P1a11,PUNE
P1a11,PUNE
P1a19,PUNE
P1a11,PUNE
P1a11,PUNE
P1a11,PUNE
P1a81,PUNE
P1a91,PUNE
P1a91,PUNE
P1a91,PUNE
P1a98,PUNE
P1aa1,PUNE
P1aa1,PUNE
P1aa1,PUNE
P1aa1,PUNE
P1aa9,PUNE
P1aaa,PUNE
P1aaa,PUNE
P1aa1,PUNE
P1aa1,PUNE
P1aa1,PUNE
P1aa1,PUNE
P1aa8,PUNE
P1a1a,PUNE
P1a11,PUNE
P1a11,PUNE
P1a11,PUNE
P1a1a,PUNE
P1a11,PUNE
P1a18,PUNE
P1a81,PUNE
T1a11,MUMBAI
Uaaa1,GURGAON
Uaaa1,MUMBAI
Uaaa1,MUMBAI
Uaaa1,MUMBAI
Uaaa8,MUMBAI
Uaaa9,MUMBAI
X 11a1,GURGAON
X1a81,MUMBAI
X1a81,BANGALORE
X1a81,PUNE
X1a88,MUMBAI
X1a89,PUNE
X1a8a,KOLKATA
X1a9a,MUMBAI
X1a91,BANGALORE
X1a91,BANGALORE
X1a91,PUNE
X1a91,PUNE
X1a91,MUMBAI
X1a98,MUMBAI
X1a99,PUNE
X1a9a,PUNE
X1aaa,MUMBAI
X1aa1,PUNE
X1aa1,MUMBAI
X1aa1,MUMBAI
X1aa1,PUNE
X1aa1,PUNE
X1aa1,MUMBAI
X1aa8,BANGALORE ONSITE
X1aa9,PUNE
X1aaa,PUNE
X11aa,PUNE
X11a1,PUNE
X11a1,BANGALORE
X11a1,GURGAON
X11a1,GURGAON
X11a1,PUNE
X11a1,PUNE
X11a8,PUNE
X11a9,PUNE
X111a,PUNE
X1111,MUMBAI
X1111,PUNE
X1111,PUNE
X1111,MUMBAI
X1111,PUNE
X1111,PUNE
X1118,PUNE
X1119,PUNE
X111a,MUMBAI
X111a,MUMBAI
X1111,PUNE
X1111,PUNE
X1111,BANGALORE
X1111,PUNE
X1111,PUNE
X1111,PUNE
X1118,PUNE
X1119,MUMBAI
X111a,PUNE
X111a,PUNE
X1111,PUNE
X1111,PUNE
X1111,GURGAON
X1111,PUNE
X1111,MUMBAI
X1111,MUMBAI
X1118,PUNE
X1119,PUNE
X111a,MUMBAI
X111a,MUMBAI
X1111,PUNE
X1111,PUNE
X1111,BANGALORE
X1111,MUMBAI
X1111,MUMBAI
X1111,KOLKATA
X1118,PUNE
X1119,PUNE
X111a,MUMBAI
X111a,MUMBAI
X1111,PUNE
X1111,BANGALORE
X1111,PUNE
X1111,MUMBAI
X1111,BANGALORE ONSITE
X1111,MUMBAI
X1118,GURGAON
X1119,PUNE
X111a,MUMBAI
X111a,PUNE
X1111,PUNE
X1111,PUNE
X1111,PUNE
X1111,PUNE
X1111,PUNE
X1111,MUMBAI
X1118,MUMBAI
X1119,BANGALORE ONSITE
X111a,MUMBAI
X118a,PUNE
X1181,PUNE
X1181,PUNE
X1181,MUMBAI
X1181,PUNE
X1181,GURGAON
X1181,MUMBAI
X1188,PUNE
X1189,PUNE
X118a,PUNE
X119a,PUNE
X1191,PUNE
X1191,PUNE
X1191,PUNE
X1191,MUMBAI
X1191,MUMBAI
X1191,PUNE
X1198,PUNE
X1199,PUNE
X119a,PUNE
X11aa,MUMBAI
X11a1,MUMBAI
X11a1,MUMBAI
X11a1,MUMBAI
X11a1,MUMBAI
X11a1,PUNE
X11a1,PUNE
X11a8,MUMBAI
X11a9,MUMBAI
X11aa,PUNE
X11aa,PUNE
X11a1,MUMBAI
X11a1,MUMBAI
X11a1,MUMBAI
X11a1,MUMBAI
X11a1,PUNE
X11a1,PUNE
X11a8,PUNE
X11a9,PUNE
X11aa,PUNE
X111a,PUNE
X1111,PUNE
X1111,MUMBAI
X1111,MUMBAI
X1111,MUMBAI
X1111,GURGAON
X1111,PUNE
X1118,PUNE
X1119,PUNE
X111a,PUNE
X111a,MUMBAI
X1111,BANGALORE
X1111,BANGALORE
X1111,BANGALORE
X1111,PUNE
X1111,PUNE
X1111,PUNE
X1118,MUMBAI
X1119,PUNE
X111a,PUNE
X111a,MUMBAI
X1111,MUMBAI
X1111,MUMBAI
X1111,MUMBAI
X1111,MUMBAI
X1111,PUNE
X1111,PUNE
X1118,PUNE
X1119,PUNE
X111a,PUNE
X111a,MUMBAI
X1111,MUMBAI
X1111,PUNE
X1111,PUNE
X1111,PUNE
X1111,PUNE
X1111,PUNE
X1118,PUNE
X1119,MUMBAI
X111a,MUMBAI
X111a,MUMBAI
X1111,PUNE
X1111,PUNE
X1111,PUNE
X1111,MUMBAI
X1111,PUNE
X1111,PUNE
X1118,PUNE
X1119,PUNE
X111a,PUNE
X111a,PUNE
X1111,PUNE
X1111,PUNE
X1111,GURGAON
X1111,MUMBAI
X1111,PUNE
X1111,PUNE
X1118,MUMBAI
X1119,PUNE
X111a,MUMBAI
X118a,MUMBAI
X1181,MUMBAI
X1181,MUMBAI
X1181,PUNE
X1181,PUNE
X1181,GURGAON
X1181,GURGAON
X1188,PUNE
X1189,MUMBAI
X118a,PUNE
X119a,PUNE
X1191,MUMBAI
X1191,PUNE
X1191,PUNE
X1191,MUMBAI
X1191,PUNE
X1191,PUNE
X1198,PUNE
X1199,PUNE
X119a,PUNE
X11aa,MUMBAI
X11a1,MUMBAI
X11a1,MUMBAI
X11a1,PUNE
X11a1,PUNE
X11a1,MUMBAI
X11a1,PUNE
X11a8,PUNE
X11a9,PUNE
X11aa,MUMBAI
X11aa,GURGAON
X11a1,PUNE
X11a1,MUMBAI
X11a1,MUMBAI
X11a1,PUNE
X11a1,MUMBAI
X11a1,MUMBAI
X11a8,PUNE
X11a9,MUMBAI
X11aa,MUMBAI
X111a,MUMBAI
X1111,MUMBAI
X1111,PUNE
X1111,PUNE
X1111,PUNE
X1111,MUMBAI
X1111,MUMBAI
X1118,MUMBAI
X1119,MUMBAI
X111a,PUNE
X111a,PUNE
X1111,PUNE
X1111,PUNE
X1111,PUNE
X1111,PUNE
X1111,PUNE
X1111,PUNE
X1118,PUNE
X1119,PUNE
X111a,MUMBAI
X1111,MUMBAI
X1111,PUNE
X1111,PUNE
X1111,MUMBAI
X1111,MUMBAI
X1111,PUNE
X1118,PUNE
X1119,PUNE
X111a,PUNE
X111a,PUNE
X1111,MUMBAI
X1111,PUNE
X1111,PUNE
X1111,PUNE
X1111,MUMBAI
X1111,MUMBAI
X1118,PUNE
X1119,PUNE
X111a,MUMBAI
X111a,MUMBAI
X1111,MUMBAI
X1111,MUMBAI
X1111,PUNE
X1111,MUMBAI
X1111,MUMBAI
X1111,PUNE
X1118,PUNE
X1119,PUNE
X111a,GURGAON
X111a,BANGALORE
X1111,BANGALORE
X1111,BANGALORE
X1111,PUNE
X1111,MUMBAI
X1111,PUNE
X1111,PUNE
X1118,PUNE
X1119,PUNE
X111a,PUNE
X118a,KOLKATA
X1181,MUMBAI
X1181,PUNE
X1181,PUNE
X1181,PUNE
X1181,PUNE
X1181,PUNE
X1188,PUNE
X1189,PUNE
X118a,PUNE
X119a,PUNE
X1191,PUNE
X1191,PUNE
X1191,PUNE
X1191,MUMBAI
X1191,MUMBAI
X1191,BANGALORE
X1198,PUNE
X1199,PUNE
X119a,PUNE
X11aa,MUMBAI
X11a1,KOLKATA
X11a1,MUMBAI
X11a1,MUMBAI
X11a1,MUMBAI
X11a1,PUNE
X11a1,PUNE
X11a8,PUNE
X11a9,PUNE
X11aa,PUNE
X11aa,PUNE
X11a1,MUMBAI
X11a1,PUNE
X11a1,PUNE
X11a1,PUNE
X11a1,PUNE
X11a1,PUNE
X11a8,PUNE
X11a9,PUNE
X11aa,MUMBAI
X111a,MUMBAI
X1111,PUNE
X1111,PUNE
X1111,PUNE
X1111,PUNE
X1111,PUNE
X1111,PUNE
X1118,GURGAON
X1119,PUNE
X111a,PUNE
X111a,PUNE
X1111,MUMBAI
X1111,MUMBAI
X1111,MUMBAI
X1111,PUNE
X1119,MUMBAI
X111a,MUMBAI
X111a,MUMBAI
X1111,PUNE
X1111,GURGAON
X1111,PUNE
X1111,GURGAON
X1111,PUNE
X1111,PUNE
X1118,PUNE
X1119,PUNE
X111a,PUNE
X111a,PUNE
X1111,PUNE
X1111,PUNE
X1111,PUNE
X1111,GURGAON
X1111,PUNE
X1111,PUNE
X1118,PUNE
X1119,MUMBAI
X111a,PUNE
X111a,PUNE
X1111,PUNE
X1111,PUNE
X1111,PUNE
X1111,GURGAON
X1111,GURGAON
X1111,PUNE
X1118,PUNE
X1119,PUNE
X111a,GURGAON
X111a,PUNE
X1111,PUNE
X1111,PUNE
X1111,PUNE
X1111,MUMBAI
X1111,PUNE
X1111,MUMBAI
X1118,PUNE
X1119,PUNE
X111a,PUNE
X118a,PUNE
X1181,PUNE
X1181,MUMBAI
X1181,MUMBAI
X1181,PUNE
X1181,PUNE
X1188,PUNE
X1189,MUMBAI
X118a,PUNE
X119a,MUMBAI
X1191,MUMBAI
X1191,PUNE
X1191,MUMBAI
X1191,PUNE
X1191,PUNE
X1191,PUNE
X1198,PUNE
X1199,PUNE
X119a,PUNE
X11aa,BANGALORE
X11a1,BANGALORE
X11a1,PUNE
X11a1,MUMBAI
X11a1,GURGAON
X11a1,PUNE
X11a1,PUNE
X11a8,PUNE
X11a9,PUNE
X11aa,PUNE
X11aa,PUNE
X11a1,MUMBAI
X11a1,BANGALORE
X11a1,BANGALORE
X11a1,MUMBAI
X11a1,PUNE
X11a1,PUNE
X11a8,PUNE
X11a9,PUNE
X11aa,PUNE
X111a,PUNE
X1111,PUNE
X1111,PUNE
X1111,PUNE
X1111,MUMBAI
X1111,BANGALORE
X1111,BANGALORE
X1118,BANGALORE
X1119,BANGALORE
X111a,BANGALORE
X111a,BANGALORE
X1111,PUNE
X1111,PUNE
X1111,MUMBAI
X1111,MUMBAI
X1111,PUNE
X1111,PUNE
X1118,PUNE
X1119,PUNE
X111a,PUNE
X111a,BANGALORE
X1111,PUNE
X1111,PUNE
X1111,PUNE
X1111,PUNE
X1111,PUNE
X1111,MUMBAI
X1118,PUNE
X1119,BANGALORE
X111a,BANGALORE
X111a,BANGALORE
X1111,PUNE
X1111,PUNE
X1111,BANGALORE
X1111,PUNE
X1111,PUNE
X1111,PUNE
X1118,PUNE
X1119,PUNE
X111a,PUNE
X111a,MUMBAI
X1111,BANGALORE
X1111,PUNE
X1111,PUNE
X1111,PUNE
X1111,PUNE
X1111,PUNE
X1118,PUNE
X1119,MUMBAI
X111a,PUNE
X111a,PUNE
X1111,BANGALORE ONSITE
X1111,PUNE
X1111,PUNE
X1111,PUNE
X1111,PUNE
X1111,PUNE
X1118,PUNE
X1119,PUNE
X111a,PUNE
X118a,PUNE
X1181,PUNE
X1181,PUNE
X1181,PUNE
X1181,PUNE
X1181,MUMBAI
X1181,MUMBAI
X1188,MUMBAI
X1189,BANGALORE
X118a,GURGAON
X119a,MUMBAI
X1191,MUMBAI
X1191,PUNE
X1191,GURGAON
X1191,PUNE
X1191,PUNE
X1191,PUNE
X1198,PUNE
X1199,PUNE
X119a,PUNE
X11aa,PUNE
X11a1,PUNE
X11a1,PUNE
X11a1,MUMBAI
X11a1,BANGALORE
X11a1,BANGALORE
X11a1,MUMBAI
X11a8,PUNE
X11a9,PUNE
X11aa,PUNE
X11aa,GURGAON
X11a1,PUNE
X11a1,PUNE
X11a1,PUNE
X11a1,PUNE
X11a1,PUNE
X11a1,PUNE
X11a8,PUNE
X11a9,PUNE
X11aa,BANGALORE
X111a,BANGALORE
X1111,PUNE
X1111,MUMBAI
X1111,PUNE
X1111,PUNE
X1111,PUNE
X1111,PUNE
X1118,BANGALORE
X1119,MUMBAI
X111a,PUNE
X111a,PUNE
X1111,BANGALORE
X1111,PUNE
X1111,PUNE
X1111,PUNE
X1111,PUNE
X1111,PUNE
X1118,PUNE
X1119,PUNE
X111a,PUNE
X111a,PUNE
X1111,PUNE
X1111,PUNE
X1111,PUNE
X1111,PUNE
X1111,PUNE
X1111,PUNE
X1118,PUNE
X1119,PUNE
X111a,BANGALORE
X111a,PUNE
X1111,PUNE
X1111,MUMBAI
X1111,MUMBAI
X1111,PUNE
X1111,BANGALORE
X1111,PUNE
X1118,PUNE
X1119,PUNE
X111a,PUNE
X111a,PUNE
X1111,PUNE
X1111,PUNE
X1111,PUNE
X1111,PUNE
X1111,MUMBAI
X1111,MUMBAI
X1118,PUNE
X1119,GURGAON
X111a,MUMBAI
X111a,MUMBAI
X1111,MUMBAI
X1111,MUMBAI
X1111,MUMBAI
X1111,PUNE
X1111,PUNE
X1111,PUNE
X1118,PUNE
X1119,PUNE
X111a,BANGALORE
X118a,PUNE
X1181,GURGAON
X1181,PUNE
X1181,MUMBAI
X1181,PUNE
X1181,PUNE
X1181,PUNE
X1188,PUNE
X1189,PUNE
X118a,PUNE
X119a,BANGALORE
X1191,MUMBAI
X1191,PUNE
X1191,MUMBAI
X1191,PUNE
X1191,PUNE
X1191,MUMBAI
X1198,PUNE
X1199,PUNE
X119a,PUNE
X11aa,BANGALORE
X11a1,PUNE
X11a1,MUMBAI
X11a1,PUNE
X11a1,PUNE
X11a1,BANGALORE
X11a1,MUMBAI
X11a8,MUMBAI
X11a9,PUNE
X11aa,PUNE
X18aa,MUMBAI
X18a1,PUNE
X18a1,BANGALORE
X18a1,PUNE
X18a1,PUNE
X18a1,PUNE
X18a1,PUNE
X18a8,PUNE
X18a9,PUNE
X18aa,PUNE
X181a,PUNE
X1811,MUMBAI
X1811,MUMBAI
X1811,GURGAON
X1811,MUMBAI
X1811,BANGALORE
X1811,BANGALORE
X1818,MUMBAI
X1819,MUMBAI
X181a,BANGALORE
X181a,BANGALORE ONSITE
X1811,PUNE
X1811,PUNE
X1811,BANGALORE
X1811,PUNE
X1811,PUNE
X1811,MUMBAI
X1818,BANGALORE ONSITE
X1819,PUNE
X181a,MUMBAI
X181a,PUNE
X1811,PUNE
X1811,PUNE
X1811,PUNE
X1811,PUNE
X1811,MUMBAI
X1811,MUMBAI
X1818,BANGALORE
X1819,BANGALORE
X181a,PUNE
X181a,BANGALORE
X1811,BANGALORE
X1811,MUMBAI
X1811,PUNE
X1811,PUNE
X1811,PUNE
X1811,PUNE
X1818,PUNE
X1819,PUNE
X181a,PUNE
X181a,PUNE
X1811,PUNE
X1811,BANGALORE
X1811,PUNE
X1811,PUNE
X1811,MUMBAI
X1811,PUNE
X1818,BANGALORE
X1819,MUMBAI
X181a,PUNE
X181a,MUMBAI
X1811,BANGALORE
X1811,BANGALORE
X1811,PUNE
X1811,PUNE
X1811,BANGALORE
X1811,GURGAON
X1818,PUNE
X1819,PUNE
X181a,PUNE
X188a,PUNE
X1881,PUNE
X1881,PUNE
X1881,PUNE
X1881,PUNE
X1881,PUNE
X1881,BANGALORE
X1888,PUNE
X1889,PUNE
X188a,MUMBAI
X189a,PUNE
X1891,PUNE
X1891,PUNE
X1891,PUNE
X1891,PUNE
X1891,KOLKATA
X1891,PUNE
X1898,PUNE
X1899,PUNE
X189a,PUNE
X18aa,PUNE
X18a1,PUNE
X18a1,PUNE
X18a1,PUNE
X18a1,PUNE
X18a1,PUNE
X18a1,MUMBAI
X18a8,MUMBAI
X18a9,BANGALORE
X18aa,GURGAON
X19aa,PUNE
X19a1,PUNE
X19a1,PUNE
X19a1,PUNE
X19a1,MUMBAI
X19a1,PUNE
X19a8,KOLKATA
X19a9,PUNE
X19aa,KOLKATA
X191a,BANGALORE
X1911,MUMBAI
X1911,PUNE
X1911,PUNE
X1911,PUNE
X1911,PUNE
X1911,PUNE
X1918,PUNE
X1919,MUMBAI
X191a,BANGALORE ONSITE
X191a,PUNE
X1911,PUNE
X1911,PUNE
X1911,PUNE
X1911,KOLKATA
X1911,PUNE
X1911,PUNE
X1918,PUNE
X1919,KOLKATA
X191a,MUMBAI
X191a,PUNE
X1911,PUNE
X1911,PUNE
X1911,GURGAON
X1911,PUNE
X1911,BANGALORE
X1911,PUNE
X1918,PUNE
X1919,PUNE
X191a,PUNE
X191a,PUNE
X1911,GURGAON
X1911,PUNE
X1911,PUNE
X1911,PUNE
X1911,PUNE
X1911,PUNE
X1918,PUNE
X1919,BANGALORE
X191a,PUNE
X191a,PUNE
X1911,MUMBAI
X1911,PUNE
X1911,PUNE
X1911,PUNE
X1911,MUMBAI
X1911,PUNE
X1918,PUNE
X1919,MUMBAI
X191a,MUMBAI
X191a,PUNE
X1911,GURGAON
X1911,PUNE
X1911,PUNE
X1911,PUNE
X1911,PUNE
X1911,PUNE
X1918,PUNE
X1919,MUMBAI
X191a,MUMBAI
X198a,MUMBAI
X1981,MUMBAI
X1981,PUNE
X1981,PUNE
X1981,PUNE
X1981,GURGAON
X1988,MUMBAI
X1989,PUNE
X198a,PUNE
X199a,MUMBAI
X1991,MUMBAI
X1991,PUNE
X1991,PUNE
X1991,PUNE
X1991,PUNE
X1991,PUNE
X1998,PUNE
X1999,PUNE
X199a,KOLKATA
X19aa,GURGAON
X19a1,PUNE
X19a1,PUNE
X19a1,PUNE
X19a1,BANGALORE
X19a1,PUNE
X19a1,PUNE
X19a8,PUNE
X19a9,MUMBAI
X19aa,PUNE
X1aaa,PUNE
X1aa1,MUMBAI
X1aa1,PUNE
X1aa1,PUNE
X1aa1,BANGALORE
X1aa1,PUNE
X1aa1,PUNE
X1aa8,MUMBAI
X1aa9,MUMBAI
X1aaa,PUNE
X1a1a,PUNE
X1a11,PUNE
X1a11,PUNE
X1a11,PUNE
X1a11,PUNE
X1a11,MUMBAI
X1a11,KOLKATA
X1a18,PUNE
X1a19,PUNE
X1a1a,BANGALORE
X1a1a,PUNE
X1a11,PUNE
X1a11,PUNE
X1a11,BANGALORE
X1a11,MUMBAI
X1a11,PUNE
X1a11,PUNE
X1a18,PUNE
X1a19,PUNE
X1a1a,PUNE
X1a1a,PUNE
X1a11,PUNE
X1a11,PUNE
X1a11,PUNE
X1a11,PUNE
X1a11,PUNE
X1a11,PUNE
X1a18,MUMBAI
X1a19,PUNE
X1a1a,BANGALORE
X1a1a,MUMBAI
X1a11,BANGALORE
X1a11,BANGALORE
X1a11,BANGALORE
X1a11,BANGALORE
X1a11,BANGALORE
X1a11,BANGALORE
X1a18,PUNE
X1a19,PUNE
X1a1a,PUNE
X1a1a,PUNE
X1a11,PUNE
X1a11,PUNE
X1a11,PUNE
X1a11,PUNE
X1a11,PUNE
X1a11,GURGAON
X1a18,PUNE
X1a19,PUNE
X1a1a,PUNE
X1a1a,PUNE
X1a11,PUNE
X1a11,MUMBAI
X1a11,BANGALORE
X1a11,PUNE
X1a11,PUNE
X1a11,BANGALORE
X1a18,PUNE
X1a19,MUMBAI
X1a1a,KOLKATA
X1a8a,PUNE
X1a81,MUMBAI
X1a81,MUMBAI
X1a81,PUNE
X1a81,PUNE
X1a81,PUNE
X1a81,BANGALORE
X1a88,HYDERABAD
X1a89,PUNE
X1a8a,PUNE
X1a9a,PUNE
X1a91,BANGALORE
X1a91,PUNE
X1a91,PUNE
X1a91,BANGALORE
X1a91,PUNE
X1a91,BANGALORE
X1a98,MUMBAI
X1a99,PUNE
X1a9a,PUNE
X1aaa,MUMBAI
X1aa1,PUNE
X1aa1,KOLKATA
X1aa1,PUNE
X1aa1,PUNE
X1aa1,PUNE
X1aa1,BANGALORE
X1aa8,MUMBAI
X1aa9,PUNE
X1aaa,MUMBAI
X1aaa,MUMBAI
X1aa1,MUMBAI
X1aa1,PUNE
X1aa1,PUNE
X1aa1,PUNE
X1aa1,PUNE
X1aa8,PUNE
X1aa9,PUNE
X1aaa,PUNE
X1a1a,PUNE
X1a11,PUNE
X1a11,BANGALORE
X1a11,BANGALORE ONSITE
X1a11,MUMBAI
X1a11,PUNE
X1a11,PUNE
X1a18,PUNE
X1a19,BANGALORE
X1a1a,PUNE
X1a1a,PUNE
X1a11,PUNE
X1a11,PUNE
X1a11,PUNE
X1a11,PUNE
X1a11,PUNE
X1a11,MUMBAI
X1a18,GURGAON
X1a19,MUMBAI
X1a1a,PUNE
X1a1a,PUNE
X1a11,PUNE
X1a11,PUNE
X1a11,PUNE
X1a11,KOLKATA
X1a11,KOLKATA
X1a11,KOLKATA
X1a18,KOLKATA
X1a19,KOLKATA
X1a1a,KOLKATA
X1a1a,HYDERABAD
X1a11,PUNE
X1a11,BANGALORE
X1a11,PUNE
X1a11,PUNE
X1a11,BANGALORE
X1a11,PUNE
X1a18,PUNE
X1a19,PUNE
X1a1a,PUNE
X1a1a,PUNE
X1a11,PUNE
X1a11,MUMBAI
X1a11,GURGAON
X1a11,GURGAON
X1a11,PUNE
X1a11,PUNE
X1a18,PUNE
X1a19,PUNE
X1a1a,GURGAON
X1a1a,PUNE
X1a11,PUNE
X1a11,PUNE
X1a11,PUNE
X1a11,PUNE
X1a11,PUNE
X1a11,PUNE
X1a18,PUNE
X1a19,PUNE
X1a1a,BANGALORE
X1a8a,MUMBAI
X1a81,PUNE
X1a81,PUNE
X1a81,PUNE
X1a81,PUNE
X1a81,KOLKATA
X1a81,KOLKATA
X1a88,MUMBAI
X1a89,GURGAON
X1a8a,PUNE
X1a9a,HYDERABAD
X1a91,HYDERABAD
X1a91,HYDERABAD
X1a91,HYDERABAD
X1a91,HYDERABAD
X1a91,HYDERABAD
X1a91,HYDERABAD
X1a98,PUNE
X1a99,PUNE
X1a9a,PUNE
X1aaa,PUNE
X1aa1,MUMBAI
X1aa1,HYDERABAD
X1aa1,GURGAON
X1aa1,PUNE
X1aa1,PUNE
X1aa1,PUNE
X1aa8,PUNE
X1aa9,PUNE
X1aaa,PUNE
X11aa,PUNE
X11a1,GURGAON
X11a1,GURGAON
X11a1,PUNE
X11a1,BANGALORE
X11a1,PUNE
X11a1,PUNE
X11a8,PUNE
X11a9,PUNE
X11aa,KOLKATA
X111a,MUMBAI
X1111,MUMBAI
X1111,PUNE
X1111,BANGALORE
X1111,PUNE
X1111,PUNE
X1111,PUNE
X1118,PUNE
X1119,MUMBAI
X111a,PUNE
X111a,PUNE
X1111,PUNE
X1111,PUNE
X1111,PUNE
X1111,PUNE
X1111,PUNE
X1111,PUNE
X1118,BANGALORE
X1119,KOLKATA
X111a,HYDERABAD
X111a,HYDERABAD
X1111,HYDERABAD
X1111,HYDERABAD
X1111,HYDERABAD
X1111,HYDERABAD
X1111,HYDERABAD
X1111,HYDERABAD
X1118,HYDERABAD
X1119,HYDERABAD
X111a,HYDERABAD
X111a,HYDERABAD
X1111,PUNE
X1111,GURGAON
X1111,MUMBAI
X1111,PUNE
X1111,PUNE
X1111,HYDERABAD
X1118,HYDERABAD
X1119,MUMBAI
X111a,PUNE
X111a,BANGALORE
X1111,BANGALORE
X1111,MUMBAI
X1111,MUMBAI
X1111,GURGAON
X1111,PUNE
X1111,PUNE
X1118,PUNE
X1119,PUNE
X111a,PUNE
X111a,MUMBAI
X1111,PUNE
X1111,BANGALORE
X1111,BANGALORE
X1111,PUNE
X1111,PUNE
X1111,PUNE
X1118,PUNE
X1119,PUNE
X111a,MUMBAI
X118a,PUNE
X1181,PUNE
X1181,PUNE
X1181,MUMBAI
X1181,KOLKATA
X1181,PUNE
X1181,PUNE
X1188,BANGALORE
X1189,PUNE
X118a,PUNE
X119a,PUNE
X1191,PUNE
X1191,PUNE
X1191,PUNE
X1191,PUNE
X1191,MUMBAI
X1191,MUMBAI
X1198,PUNE
X1199,PUNE
X119a,HYDERABAD
X11aa,MUMBAI
X11a1,GURGAON
X11a1,PUNE
X11a1,PUNE
X11a1,PUNE
X11a1,PUNE
X11a1,MUMBAI
X11a8,KOLKATA
X11a9,KOLKATA
X11aa,PUNE
X11aa,PUNE
X11a1,PUNE
X11a1,MUMBAI
X11a1,PUNE
X11a1,GURGAON
X11a1,HYDERABAD
X11a1,HYDERABAD
X11a8,HYDERABAD
X11a9,PUNE
X11aa,MUMBAI
X111a,PUNE
X1111,PUNE
X1111,PUNE
X1111,MUMBAI
X1111,MUMBAI
X1111,PUNE
X1118,PUNE
X1119,PUNE
X111a,PUNE
X111a,PUNE
X1111,PUNE
X1111,PUNE
X1111,PUNE
X1111,HYDERABAD
X1111,PUNE
X1111,PUNE
X1118,PUNE
X1119,PUNE
X111a,PUNE
X111a,PUNE
X1111,PUNE
X1111,PUNE
X1111,PUNE
X1111,PUNE
X1111,PUNE
X1111,PUNE
X1118,PUNE
X1119,PUNE
X111a,MUMBAI
X111a,BANGALORE
X1111,PUNE
X1111,MUMBAI
X1111,PUNE
X1111,HYDERABAD
X1111,PUNE
X1111,PUNE
X1118,PUNE
X1119,PUNE
X111a,HYDERABAD
X111a,PUNE
X1111,PUNE
X1111,HYDERABAD
X1111,MUMBAI
X1111,BANGALORE
X1111,PUNE
X1111,PUNE
X1118,PUNE
X1119,PUNE
X111a,PUNE
X111a,PUNE
X1111,PUNE
X1111,PUNE
X1111,BANGALORE
X1111,BANGALORE
X1111,PUNE
X1111,PUNE
X1118,PUNE
X1119,MUMBAI
X111a,PUNE
X118a,PUNE
X1181,PUNE
X1181,MUMBAI
X1181,BANGALORE
X1181,PUNE
X1181,MUMBAI
X1181,PUNE
X1188,PUNE
X1189,PUNE
X118a,PUNE
X119a,MUMBAI
X1191,PUNE
X1191,PUNE
X1191,PUNE
X1191,PUNE
X1191,PUNE
X1191,PUNE
X1198,PUNE
X1199,PUNE
X119a,PUNE
X11aa,PUNE
X11a1,PUNE
X11a1,PUNE
X11a1,PUNE
X11a1,PUNE
X11a1,PUNE
X11a1,PUNE
X11a8,MUMBAI
X11a9,HYDERABAD
X11aa,MUMBAI
X11aa,PUNE
X11a1,PUNE
X11a1,BANGALORE
X11a1,BANGALORE
X11a1,PUNE
X11a1,MUMBAI
X11a1,PUNE
X11a8,PUNE
X11a9,HYDERABAD
X11aa,PUNE
X111a,PUNE
X1111,PUNE
X1111,PUNE
X1111,MUMBAI
X1111,PUNE
X1111,PUNE
X1111,BANGALORE ONSITE
X1118,BANGALORE
X1119,GURGAON
X111a,PUNE
X111a,PUNE
X1111,PUNE
X1111,MUMBAI
X1111,MUMBAI
X1111,PUNE
X1111,PUNE
X1111,HYDERABAD
X1118,HYDERABAD
X1119,PUNE
X111a,PUNE
X111a,PUNE
X1111,PUNE
X1111,PUNE
X1111,PUNE
X1111,PUNE
X1111,PUNE
X1111,PUNE
X1118,MUMBAI
X1119,PUNE
X111a,PUNE
X111a,GURGAON
X1111,GURGAON
X1111,PUNE
X1111,GURGAON
X1111,GURGAON
X1111,PUNE
X1111,PUNE
X1118,PUNE
X1119,PUNE
X111a,PUNE
X111a,PUNE
X1111,PUNE
X1111,PUNE
X1111,BANGALORE
X1111,PUNE
X1111,MUMBAI
X1111,PUNE
X1118,BANGALORE
X1119,BANGALORE
X111a,BANGALORE
X111a,BANGALORE
X1111,BANGALORE
X1111,BANGALORE
X1111,BANGALORE
X1111,BANGALORE
X1111,BANGALORE
X1111,BANGALORE
X1118,PUNE
X1119,PUNE
X111a,MUMBAI
X118a,PUNE
X1181,PUNE
X1181,PUNE
X1181,MUMBAI
X1181,PUNE
X1181,PUNE
X1181,PUNE
X1188,PUNE
X1189,MUMBAI
X118a,MUMBAI
X119a,MUMBAI
X1191,HYDERABAD
X1191,MUMBAI
X1191,PUNE
X1191,PUNE
X1191,PUNE
X1191,BANGALORE
X1198,BANGALORE
X1199,BANGALORE
X119a,MUMBAI
X11aa,PUNE
X11a1,MUMBAI
X11a1,MUMBAI
X11a1,PUNE
X11a1,PUNE
X11a1,PUNE
X11a1,PUNE
X11a8,PUNE
X11a9,PUNE
X11aa,HYDERABAD
X11aa,PUNE
X11a1,PUNE
X11a1,PUNE
X11a1,PUNE
X11a1,PUNE
X11a1,PUNE
X11a1,PUNE
X11a8,PUNE
X11a9,PUNE
X11aa,PUNE
X111a,PUNE
X1111,BANGALORE
X1111,PUNE
X1111,PUNE
X1111,BANGALORE
X1111,BANGALORE
X1111,PUNE
X1118,PUNE
X1119,PUNE
X111a,PUNE
X111a,PUNE
X1111,BANGALORE
X1111,GURGAON
X1111,GURGAON
X1111,GURGAON
X1111,PUNE
X1111,PUNE
X1118,PUNE
X1119,GURGAON
X111a,HYDERABAD
X111a,PUNE
X1111,PUNE
X1111,MUMBAI
X1111,PUNE
X1111,PUNE
X1111,PUNE
X1111,PUNE
X1118,GURGAON
X1119,BANGALORE ONSITE
X111a,PUNE
X111a,PUNE
X1111,MUMBAI
X1111,MUMBAI
X1111,PUNE
X1111,BANGALORE
X1111,PUNE
X1111,PUNE
X1118,PUNE
X1119,PUNE
X111a,PUNE
X111a,PUNE
X1111,MUMBAI
X1111,GURGAON
X1111,PUNE
X1111,PUNE
X1111,PUNE
X1111,MUMBAI
X1118,PUNE
X1119,GURGAON
X111a,BANGALORE
X111a,PUNE
X1111,PUNE
X1111,GURGAON
X1111,PUNE
X1111,PUNE
X1111,PUNE
X1111,PUNE
X1118,PUNE
X1119,PUNE
X111a,PUNE
X118a,PUNE
X1181,PUNE
X1181,PUNE
X1181,PUNE
X1181,PUNE
X1181,PUNE
X1181,PUNE
X1188,PUNE
X1189,PUNE
X118a,PUNE
X119a,MUMBAI
X1191,PUNE
X1191,PUNE
X1191,MUMBAI
X1191,MUMBAI
X1191,PUNE
X1191,PUNE
X1198,PUNE
X1199,PUNE
X119a,PUNE
X11aa,PUNE
X11a1,PUNE
X11a1,PUNE
X11a1,PUNE
X11a1,PUNE
X11a1,PUNE
X11a1,MUMBAI
X11a8,MUMBAI
X11a9,PUNE
X11aa,PUNE
X11aa,PUNE
X11a1,PUNE
X11a1,PUNE
X11a1,PUNE
X11a1,BANGALORE
X11a1,GURGAON
X11a1,PUNE
X11a8,PUNE
X11a9,PUNE
X11aa,PUNE
X111a,PUNE
X1111,PUNE
X1111,MUMBAI
X1111,MUMBAI
X1111,PUNE
X1111,PUNE
X1111,PUNE
X1118,PUNE
X1119,BANGALORE
X111a,PUNE
X111a,PUNE
X1111,MUMBAI
X1111,MUMBAI
X1111,PUNE
X1111,PUNE
X1111,PUNE
X1111,PUNE
X1118,GURGAON
X1119,PUNE
X111a,PUNE
X111a,BANGALORE
X1111,GURGAON
X1111,PUNE
X1111,PUNE
X1111,PUNE
X1111,PUNE
X1111,MUMBAI
X1118,PUNE
X1119,MUMBAI
X111a,BANGALORE
X111a,BANGALORE
X1111,MUMBAI
X1111,MUMBAI
X1111,PUNE
X1111,PUNE
X1111,PUNE
X1111,PUNE
X1118,PUNE
X1119,PUNE
X111a,PUNE
X111a,PUNE
X1111,PUNE
X1111,GURGAON
X1111,MUMBAI
X1111,PUNE
X1111,PUNE
X1111,PUNE
X1118,BANGALORE
X1119,PUNE
X111a,PUNE
X111a,BANGALORE
X1111,PUNE
X1111,PUNE
X1111,PUNE
X1111,PUNE
X1111,PUNE
X1111,PUNE
X1118,PUNE
X1119,PUNE
X111a,PUNE
X118a,MUMBAI
X1181,GURGAON
X1181,PUNE
X1181,BANGALORE
X1181,MUMBAI
X1181,PUNE
X1181,PUNE
X1188,PUNE
X1189,PUNE
X118a,PUNE
X119a,PUNE
X1191,GURGAON
X1191,PUNE
X1191,PUNE
X1191,PUNE
X1191,PUNE
X1191,HYDERABAD
X1198,PUNE
X1199,PUNE
X119a,PUNE
X11aa,PUNE
X11a1,PUNE
X11a1,GURGAON
X11a1,PUNE
X11a1,PUNE
X11a1,MUMBAI
X11a1,MUMBAI
X11a8,PUNE
X11a9,PUNE
X11aa,MUMBAI
X11aa,PUNE
X11a1,PUNE
X11a1,PUNE
X11a1,PUNE
X11a1,PUNE
X11a1,PUNE
X11a1,PUNE
X11a8,MUMBAI
X11a9,PUNE
X11aa,PUNE
X111a,PUNE
X1111,PUNE
X1111,PUNE
X1111,PUNE
X1111,PUNE
X1111,PUNE
X1111,MUMBAI
X1118,PUNE
X1119,PUNE
X111a,PUNE
X111a,MUMBAI
X1111,PUNE
X1111,PUNE
X1111,PUNE
X1111,MUMBAI
X1111,PUNE
X1111,PUNE
X1118,MUMBAI
X1119,PUNE
X111a,PUNE
X111a,PUNE
X1111,MUMBAI
X1111,PUNE
X1111,PUNE
X1111,MUMBAI
X1111,PUNE
X1111,PUNE
X1118,PUNE
X1119,PUNE
X111a,MUMBAI
X111a,PUNE
X1111,PUNE
X1111,PUNE
X1111,PUNE
X1111,PUNE
X1111,PUNE
X1111,PUNE
X1118,PUNE
X1119,GURGAON
X111a,PUNE
X111a,PUNE
X1111,PUNE
X1111,PUNE
X1111,PUNE
X1111,GURGAON
X1111,GURGAON
X1111,KOLKATA
X1118,PUNE
X1119,PUNE
X111a,BANGALORE
X111a,PUNE
X1111,PUNE
X1111,PUNE
X1111,PUNE
X1111,PUNE
X1111,HYDERABAD
X1111,MUMBAI
X1118,PUNE
X1119,PUNE
X111a,PUNE
X118a,PUNE
X1181,PUNE
X1181,PUNE
X1181,PUNE
X1181,PUNE
X1181,PUNE
X1181,PUNE
X1188,PUNE
X1189,HYDERABAD
X118a,HYDERABAD
X119a,MUMBAI
X1191,BANGALORE
X1191,PUNE
X1191,PUNE
X1191,PUNE
X1191,PUNE
X1191,PUNE
X1198,PUNE
X1199,PUNE
X119a,PUNE
X11aa,PUNE
X11a1,PUNE
X11a1,PUNE
X11a1,PUNE
X11a1,PUNE
X11a1,PUNE
X11a1,PUNE
X11a8,PUNE
X11a9,PUNE
X11aa,PUNE
X18aa,PUNE
X18a1,PUNE
X18a1,BANGALORE
X18a1,BANGALORE
X18a1,PUNE
X18a1,MUMBAI
X18a8,PUNE
X18a9,MUMBAI
X18aa,PUNE
X181a,GURGAON
X1811,PUNE
X1811,PUNE
X1811,PUNE
X1811,MUMBAI
X1811,PUNE
X1818,PUNE
X1819,PUNE
X181a,PUNE
X181a,PUNE
X1811,HYDERABAD
X1811,HYDERABAD
X1811,BANGALORE
X1811,PUNE
X1811,PUNE
X1811,PUNE
X1818,PUNE
X1819,GURGAON
X181a,PUNE
X181a,PUNE
X1811,PUNE
X1811,PUNE
X1811,HYDERABAD
X1811,PUNE
X1811,PUNE
X1811,PUNE
X1818,PUNE
X1819,MUMBAI
X181a,MUMBAI
X181a,PUNE
X1811,PUNE
X1811,PUNE
X1811,PUNE
X1811,PUNE
X1811,PUNE
X1811,PUNE
X1818,PUNE
X1819,PUNE
X181a,PUNE
X181a,HYDERABAD
X1811,PUNE
X1811,BANGALORE
X1811,PUNE
X1811,PUNE
X1811,MUMBAI
X1811,PUNE
X1818,GURGAON
X1819,PUNE
X181a,PUNE
X181a,PUNE
X1811,PUNE
X1811,PUNE
X1811,PUNE
X1811,HYDERABAD
X1811,GURGAON
X1811,PUNE
X1818,PUNE
X1819,PUNE
X181a,PUNE
X188a,GURGAON
X1881,PUNE
X1881,PUNE
X1881,GURGAON
X1881,MUMBAI
X1881,MUMBAI
X1881,MUMBAI
X1888,PUNE
X1889,PUNE
X188a,GURGAON
X189a,BANGALORE
X1891,PUNE
X1891,MUMBAI
X1891,MUMBAI
X1891,MUMBAI
X1891,PUNE
X1891,PUNE
X1898,PUNE
X1899,MUMBAI
X189a,MUMBAI
X18aa,PUNE
X18a1,PUNE
X18a1,PUNE
X18a1,BANGALORE
X18a1,HYDERABAD
X18a1,HYDERABAD
X18a1,PUNE
X18a8,PUNE
X18a9,PUNE
X18aa,PUNE
X19aa,PUNE
X19a1,PUNE
X19a1,PUNE
X19a1,MUMBAI
X19a1,HYDERABAD
X19a1,PUNE
X19a1,PUNE
X19a8,HYDERABAD
X19a9,HYDERABAD
X19aa,MUMBAI
X191a,MUMBAI
X1911,MUMBAI
X1911,MUMBAI
X1911,MUMBAI
X1911,PUNE
X1911,MUMBAI
X1911,PUNE
X1918,PUNE
X1919,PUNE
X191a,PUNE
X191a,PUNE
X1911,PUNE
X1911,PUNE
X1911,MUMBAI
X1911,PUNE
X1911,KOLKATA
X1911,PUNE
X1918,PUNE
X1919,PUNE
X191a,PUNE
X191a,MUMBAI
X1911,PUNE
X1911,PUNE
X1911,PUNE
X1911,PUNE
X1911,MUMBAI
X1911,PUNE
X1918,PUNE
X1919,PUNE
X191a,PUNE
X191a,PUNE
X1911,PUNE
X1911,PUNE
X1911,MUMBAI
X1911,MUMBAI
X1911,PUNE
X1911,PUNE
X1918,PUNE
X1919,BANGALORE
X191a,MUMBAI
X191a,BANGALORE
X1911,HYDERABAD
X1911,PUNE
X1911,MUMBAI
X1911,PUNE
X1911,PUNE
X1911,PUNE
X1918,PUNE
X1919,BANGALORE
X191a,BANGALORE
X191a,HYDERABAD
X1911,HYDERABAD
X1911,BANGALORE
X1911,PUNE
X1911,MUMBAI
X1911,PUNE
X1911,PUNE
X1918,PUNE
X1919,PUNE
X191a,PUNE
X198a,HYDERABAD
X1981,PUNE
X1981,PUNE
X1981,GURGAON
X1981,PUNE
X1981,PUNE
X1981,PUNE
X1988,PUNE
X1989,PUNE
X198a,MUMBAI
X199a,MUMBAI
X1991,BANGALORE
X1991,PUNE
X1991,PUNE
X1991,HYDERABAD
X1991,PUNE
X1991,PUNE
X1998,PUNE
X1999,PUNE
X199a,PUNE
X19aa,PUNE
X19a1,PUNE
X19a1,PUNE
X19a1,PUNE
X19a1,PUNE
X19a1,PUNE
X19a1,PUNE
X19a8,PUNE
X19a9,PUNE
X19aa,PUNE
X1aaa,PUNE
X1aa1,PUNE
X1aa1,PUNE
X1aa1,HYDERABAD
X1aa1,PUNE
X1aa1,BANGALORE
X1aa1,PUNE
X1aa8,PUNE
X1aa9,PUNE
X1aaa,PUNE
X1a1a,GURGAON
X1a11,PUNE
X1a11,PUNE
X1a11,BANGALORE
X1a11,PUNE
X1a11,PUNE
X1a11,PUNE
X1a18,PUNE
X1a19,MUMBAI
X1a1a,PUNE
X1a1a,PUNE
X1a11,PUNE
X1a11,PUNE
X1a11,PUNE
X1a11,PUNE
X1a11,PUNE
X1a11,PUNE
X1a18,PUNE
X1a19,PUNE
X1a1a,PUNE
X1a1a,BANGALORE
X1a11,PUNE
X1a11,PUNE
X1a11,PUNE
X1a11,PUNE
X1a11,HYDERABAD
X1a11,PUNE
X1a18,PUNE
X1a19,PUNE
X1a1a,MUMBAI
X1a1a,PUNE
X1a11,PUNE
X1a11,PUNE
X1a11,PUNE
X1a11,PUNE
X1a11,BANGALORE
X1a11,PUNE
X1a18,BANGALORE
X1a19,PUNE
X1a1a,MUMBAI
X1a1a,PUNE
X1a11,PUNE
X1a11,PUNE
X1a11,PUNE
X1a11,BANGALORE
X1a11,PUNE
X1a11,PUNE
X1a18,PUNE
X1a19,PUNE
X1a1a,PUNE
X1a1a,PUNE
X1a11,PUNE
X1a11,BANGALORE
X1a11,BANGALORE
X1a11,PUNE
X1a11,PUNE
X1a11,PUNE
X1a18,MUMBAI
X1a19,PUNE
X1a1a,PUNE
X1a8a,MUMBAI
X1a81,PUNE
X1a81,PUNE
X1a81,PUNE
X1a81,PUNE
X1a81,PUNE
X1a81,PUNE
X1a88,PUNE
X1a89,PUNE
X1a8a,PUNE
X1a9a,PUNE
X1a91,HYDERABAD
X1a91,PUNE
X1a91,PUNE
X1a91,PUNE
X1a91,PUNE
X1a91,PUNE
X1a98,PUNE
X1a99,PUNE
X1a9a,PUNE
X1aaa,BANGALORE
X1aa1,PUNE
X1aa1,PUNE
X1aa1,BANGALORE
X1aa1,BANGALORE
X1aa1,MUMBAI
X1aa1,PUNE
X1aa8,PUNE
X1aa9,PUNE
X1aaa,PUNE
X1aaa,PUNE
X1aa1,MUMBAI
X1aa1,PUNE
X1aa1,PUNE
X1aa1,PUNE
X1aa1,BANGALORE
X1aa8,BANGALORE
X1aa9,PUNE
X1aaa,PUNE
X1a1a,PUNE
X1a11,PUNE
X1a11,PUNE
X1a11,BANGALORE
X1a11,PUNE
X1a11,PUNE
X1a11,PUNE
X1a18,PUNE
X1a1a,PUNE
X1a11,PUNE
X1a11,PUNE
X1a11,PUNE
X1a11,PUNE
X1a11,PUNE
X1a11,PUNE
X1a18,PUNE
X1a19,PUNE
X1a1a,PUNE
X1a1a,PUNE
X1a11,PUNE
X1a11,BANGALORE
X1a11,PUNE
X1a11,PUNE
X1a11,PUNE
X1a11,PUNE
X1a18,PUNE
X1a19,PUNE
X1a1a,BANGALORE
X1a1a,PUNE
X1a11,BANGALORE
X1a11,MUMBAI
X1a11,PUNE
X1a11,PUNE
X1a11,PUNE
X1a11,PUNE
X1a18,PUNE
X1a19,HYDERABAD
X1a1a,MUMBAI
X1a1a,BANGALORE
X1a11,BANGALORE
X1a11,PUNE
X1a11,PUNE
X1a11,PUNE
X1a11,PUNE
X1a11,GURGAON
X1a18,GURGAON
X1a19,PUNE
X1a1a,PUNE
X1a1a,PUNE
X1a11,PUNE
X1a11,PUNE
X1a11,GURGAON
X1a11,HYDERABAD
X1a11,BANGALORE
X1a11,PUNE
X1a18,PUNE
X1a19,PUNE
X1a1a,PUNE
X1a8a,PUNE
X1a81,PUNE
X1a81,PUNE
X1a81,MUMBAI
X1a81,PUNE
X1a81,PUNE
X1a81,PUNE
X1a88,PUNE
X1a89,PUNE
X1a8a,PUNE
X1a9a,PUNE
X1a91,PUNE
X1a91,BANGALORE
X1a91,PUNE
X1a91,PUNE
X1a91,PUNE
X1a91,PUNE
X1a98,PUNE
X1a99,PUNE
X1a9a,PUNE
X1aaa,BANGALORE
X1aa1,BANGALORE
X1aa1,PUNE
X1aa1,PUNE
X1aa1,PUNE
X1aa1,PUNE
X1aa1,PUNE
X1aa8,PUNE
X1aa9,PUNE
X1aaa,PUNE
X11aa,PUNE
X11a1,PUNE
X11a1,BANGALORE
X11a1,MUMBAI
X11a1,PUNE
X11a1,PUNE
X11a1,PUNE
X11a8,MUMBAI
X11a9,PUNE
X11aa,PUNE
X111a,PUNE
X1111,PUNE
X1111,PUNE
X1111,MUMBAI
X1111,MUMBAI
X1111,MUMBAI
X1111,PUNE
X1118,MUMBAI
X1119,MUMBAI
X111a,BANGALORE
X111a,BANGALORE
X1111,BANGALORE
X1111,BANGALORE
X1111,BANGALORE
X1111,BANGALORE
X1111,BANGALORE
X1111,BANGALORE
X1118,PUNE
X1119,PUNE
X111a,PUNE
X111a,PUNE
X1111,PUNE
X1111,PUNE
X1111,PUNE
X1111,PUNE
X1111,PUNE
X1111,PUNE
X1118,PUNE
X1119,PUNE
X111a,PUNE
X111a,PUNE
X1111,PUNE
X1111,PUNE
X1111,BANGALORE
X1111,BANGALORE
X1111,PUNE
X1111,PUNE
X1118,PUNE
X1119,PUNE
X111a,BANGALORE
X111a,PUNE
X1111,PUNE
X1111,PUNE
X1111,HYDERABAD
X1111,BANGALORE
X1111,PUNE
X1111,PUNE
X1118,PUNE
X1119,PUNE
X111a,PUNE
X111a,PUNE
X1111,PUNE
X1111,PUNE
X1111,PUNE
X1111,PUNE
X1111,PUNE
X1111,PUNE
X1118,BANGALORE
X1119,PUNE
X111a,PUNE
X118a,GURGAON
X1181,GURGAON
X1181,GURGAON
X1181,PUNE
X1181,BANGALORE
X1181,PUNE
X1181,PUNE
X1188,PUNE
X1189,PUNE
X118a,PUNE
X119a,PUNE
X1191,PUNE
X1191,PUNE
X1191,PUNE
X1191,PUNE
X1191,PUNE
X1191,PUNE
X1198,PUNE
X1199,PUNE
X119a,PUNE
X11aa,GURGAON
X11a1,MUMBAI
X11a1,BANGALORE
X11a1,BANGALORE
X11a1,BANGALORE
X11a1,MUMBAI
X11a1,PUNE
X11a8,MUMBAI
X11a9,PUNE
X11aa,MUMBAI
X11aa,MUMBAI
X11a1,PUNE
X11a1,PUNE
X11a1,PUNE
X11a1,MUMBAI ONSITE
X11a1,PUNE
X11a1,PUNE
X11a8,PUNE
X11a9,MUMBAI
X11aa,PUNE
X111a,PUNE
X1111,MUMBAI ONSITE
X1111,PUNE
X1111,MUMBAI ONSITE
X1111,PUNE
X1111,PUNE
X1111,MUMBAI ONSITE
X1118,PUNE
X1119,PUNE
X111a,BANGALORE ONSITE
X111a,PUNE
X1111,MUMBAI ONSITE
X1111,MUMBAI
X1111,PUNE
X1111,PUNE
X1111,PUNE
X1111,PUNE
X1118,MUMBAI
X1119,PUNE
X111a,PUNE
X111a,MUMBAI
X1111,PUNE
X1111,PUNE
X1111,PUNE
X1111,PUNE
X1111,PUNE
X1111,MUMBAI ONSITE
X1118,MUMBAI
X1119,MUMBAI ONSITE
X111a,MUMBAI
X111a,PUNE
X1111,PUNE
X1111,PUNE
X1111,PUNE
X1111,PUNE
X1111,PUNE
X1111,BANGALORE
X1118,BANGALORE
X1119,BANGALORE
X111a,BANGALORE
X111a,BANGALORE
X1111,BANGALORE
X1111,PUNE
X1111,PUNE
X1111,PUNE
X1111,PUNE
X1111,PUNE
X1118,PUNE
X1119,PUNE
X111a,PUNE
X111a,PUNE
X1111,HYDERABAD
X1111,MUMBAI
X1111,PUNE
X1111,MUMBAI
X1111,MUMBAI
X1111,MUMBAI
X1118,GURGAON
X1119,PUNE
X111a,PUNE
X118a,PUNE
X1181,PUNE
X1181,PUNE
X1181,PUNE
X1181,PUNE
X1181,PUNE
X1181,PUNE
X1188,PUNE
X1189,BANGALORE
X118a,BANGALORE
X119a,BANGALORE
X1191,PUNE
X1191,PUNE
X1191,GURGAON
X1191,PUNE
X1191,PUNE
X1191,PUNE
X1198,PUNE
X1199,MUMBAI
X119a,PUNE
X11aa,MUMBAI
X11a1,PUNE
X11a1,PUNE
X11a1,BANGALORE
X11a1,MUMBAI
X11a1,PUNE
X11a1,PUNE
X11a8,PUNE
X11a9,PUNE
X11aa,PUNE
X11aa,PUNE
X11a1,PUNE
X11a1,GURGAON
X11a1,GURGAON
X11a1,GURGAON
X11a1,GURGAON
X11a1,GURGAON
X11a8,BANGALORE
X11a9,BANGALORE
X11aa,BANGALORE
X111a,PUNE
X1111,PUNE
X1111,PUNE
X1111,PUNE
X1111,PUNE
X1111,PUNE
A50001,GURGAON
A50009,PUNE
A50011,PUNE
A50012,PUNE
A50014,PUNE
A50015,PUNE
A50016,PUNE
A50017,PUNE
A50018,PUNE
A50020,BANGALORE
A50023,PUNE
A50024,MUMBAI
A50026,PUNE
A50027,PUNE
A50029,PUNE
A50030,PUNE
A50032,PUNE
A50033,PUNE
A50034,PUNE
A50035,PUNE
A50036,PUNE
A50042,PUNE
A50043,PUNE
A50044,PUNE
A50045,MUMBAI
A50046,PUNE
A50047,PUNE
A50048,PUNE
A50049,PUNE
A50050,PUNE
A50051,PUNE
A50052,PUNE
A50053,PUNE
A50054,PUNE
A50055,PUNE
A50057,MUMBAI
A50058,MUMBAI
A50059,PUNE
A50060,BANGALORE
A50062,PUNE
A50064,BANGALORE
A50066,PUNE
A50067,PUNE
A50068,PUNE
A50073,PUNE
A50077,BANGALORE
A50079,GURGAON
A50080,HYDERABAD
A50081,PUNE
A50082,PUNE
A50083,PUNE
A50084,PUNE
A50085,PUNE
A50086,PUNE
A50087,PUNE
A50088,PUNE
A50089,PUNE
A50090,PUNE
A50091,PUNE
A50092,PUNE
A50093,PUNE
A50095,HYDERABAD
A50097,PUNE
A50098,GURGAON
A50099,PUNE
A50100,PUNE
A50101,PUNE
A50102,PUNE
A50103,BANGALORE
A50104,BANGALORE
A50106,PUNE
A50107,MUMBAI
A50108,PUNE
A50109,PUNE
A50110,PUNE
A50111,PUNE
A50112,PUNE
A50113,PUNE
A50114,PUNE
A50115,PUNE
A50117,PUNE
A50119,PUNE
A50122,PUNE
A50123,GURGAON
A50124,PUNE
A50125,PUNE
A50126,PUNE
A50127,BANGALORE
A50128,PUNE
A50129,PUNE
A50130,PUNE
A50131,PUNE
A50132,PUNE
A50133,PUNE
A50134,PUNE
A50136,PUNE
A50137,PUNE
A50138,PUNE
A50139,PUNE
A50140,PUNE
A50141,PUNE
A50142,PUNE
A50143,PUNE
A50145,PUNE
A50146,PUNE
A50147,PUNE
A50149,BANGALORE
A50150,PUNE
A50152,PUNE
A50154,PUNE
A50156,PUNE
A50159,PUNE
A50161,PUNE
A50163,PUNE
A50168,PUNE
A50170,MUMBAI
A50171,HYDERABAD
A50173,BANGALORE
A50174,PUNE
A50176,PUNE
A50178,BANGALORE
A50180,PUNE
A50184,PUNE
A50186,PUNE
A50188,PUNE
A50190,PUNE
A50192,MUMBAI
A50193,MUMBAI
A50194,PUNE
A50196,PUNE
A50197,PUNE
A50199,PUNE
A50201,GURGAON
A50203,HYDERABAD
A50204,PUNE
A50206,PUNE
A50208,PUNE
A50210,PUNE
A50212,MUMBAI
A50213,PUNE
A50215,PUNE
A50217,PUNE
A50219,PUNE
A50221,PUNE
A50223,PUNE
A50224,PUNE
A50226,GURGAON
A50228,PUNE
A50230,PUNE
A50232,PUNE
A50233,HYDERABAD
A50234,PUNE
A50235,HYDERABAD
A50236,GURGAON
A50238,PUNE
A50240,PUNE
A50242,PUNE
A50244,PUNE
A50246,PUNE
A50248,PUNE
A50250,PUNE
A50252,PUNE
A50256,PUNE
A50258,PUNE
A50260,MUMBAI
A50261,GURGAON
A50263,PUNE
A50265,PUNE
A50267,PUNE
A50269,MUMBAI
A50270,PUNE
A50274,PUNE
A50276,PUNE
A50278,PUNE
A50280,GURGAON
A50282,PUNE
A50284,PUNE
A50286,PUNE
A50288,PUNE
A50291,BANGALORE
A50292,PUNE
A50294,PUNE
A50296,PUNE
A50298,PUNE
A50301,PUNE
A50305,PUNE
A50307,PUNE
A50309,PUNE
A50313,PUNE
A50316,PUNE
A50317,PUNE
A50318,PUNE
A50319,PUNE
A50320,BANGALORE
A50322,BANGALORE
A50323,GURGAON
A50325,PUNE
A50329,PUNE
A50331,PUNE
A50333,PUNE
A50335,PUNE
A50337,PUNE
A50339,PUNE
A50341,BANGALORE
A50346,MUMBAI
A50347,PUNE
A50349,PUNE
A50351,PUNE
A50353,MUMBAI
A50354,BANGALORE
A50362,PUNE
A50364,PUNE
A50366,PUNE
A50368,PUNE
A50370,PUNE
A50372,PUNE
A50374,PUNE
A50376,PUNE
A50378,PUNE
A50380,PUNE
A50382,PUNE
A50384,PUNE
A50386,PUNE
A50388,PUNE
A50390,PUNE
A50392,PUNE
A50395,PUNE
A50397,PUNE
A50399,PUNE
A50401,PUNE
A50402,GURGAON
A50404,PUNE
A50406,PUNE
A50408,PUNE
A50410,PUNE
A50412,PUNE
A50414,PUNE
A50416,PUNE
A50418,PUNE
A50420,PUNE
A50422,BANGALORE
A50423,BANGALORE
A50424,PUNE
A50426,PUNE
A50428,PUNE
A50430,PUNE
A50432,PUNE
A50436,PUNE
A50438,PUNE
A50440,PUNE
A50443,PUNE
A50445,PUNE
A50447,PUNE
A50449,PUNE
A50451,MUMBAI
A50452,PUNE
A50454,PUNE
A50456,PUNE
A50458,PUNE
A50460,PUNE
A50462,PUNE
A50464,PUNE
A50466,PUNE
A50468,PUNE
A50471,PUNE
A50474,PUNE
A50476,PUNE
A50478,PUNE
A50480,BANGALORE
A50481,MUMBAI
A50482,PUNE
A50484,PUNE
A50488,BANGALORE
A50489,PUNE
A50491,PUNE
A50495,PUNE
A50498,PUNE
A50500,PUNE
A50502,PUNE
A50506,PUNE
A50508,PUNE
A50510,PUNE
A50512,PUNE
A50514,MUMBAI
